Timestamp,Milliseconds,X,Y,Z
2020-05-25 18:59:05,1,-0.89385986,-0.68437195,-0.07885742
2020-05-25 18:59:05,11,-0.42514038,-0.2774353,0.011688232
2020-05-25 18:59:05,22,-0.0011749268,0.060775757,0.08572388
2020-05-25 18:59:05,32,0.23745728,0.22377014,0.12567139
2020-05-25 18:59:05,42,0.45689392,0.34254456,0.14804077
2020-05-25 18:59:05,52,0.4915161,0.34840393,0.14164734
2020-05-25 18:59:05,62,0.38446045,0.2685089,0.11502075
2020-05-25 18:59:05,71,0.23532104,0.16889954,0.09477234
2020-05-25 18:59:05,81,-0.036849976,0.0043182373,0.07507324
2020-05-25 18:59:05,92,-0.2062378,-0.081970215,0.074539185
2020-05-25 18:59:05,101,-0.38146973,-0.14375305,0.091049194
2020-05-25 18:59:05,113,-0.4262085,-0.13522339,0.107559204
2020-05-25 18:59:05,121,-0.3793335,-0.07397461,0.124069214
2020-05-25 18:59:05,132,-0.2823944,-0.018051147,0.12513733
2020-05-25 18:59:05,141,-0.15615845,0.040542603,0.12034607
2020-05-25 18:59:05,152,0.037719727,0.11244202,0.10649109
2020-05-25 18:59:05,161,0.16607666,0.13427734,0.086257935
2020-05-25 18:59:05,172,0.19377136,0.11883545,0.074539185
2020-05-25 18:59:05,181,0.15116882,0.06770325,0.06121826
2020-05-25 18:59:05,191,0.08457947,0.02722168,0.053756714
2020-05-25 18:59:05,202,-0.034729004,-0.023910522,0.035125732
2020-05-25 18:59:05,211,-0.10076904,-0.051071167,0.020736694
2020-05-25 18:59:05,222,-0.14178467,-0.07185364,0.007965088
2020-05-25 18:59:05,232,-0.121536255,-0.07131958,0.003692627
2020-05-25 18:59:05,241,-0.027801514,-0.052139282,5.0354004E-4
2020-05-25 18:59:05,251,0.056350708,-0.018585205,-0.0042877197
2020-05-25 18:59:05,262,0.16661072,0.045333862,-0.016540527
2020-05-25 18:59:05,271,0.20762634,0.08155823,-0.027191162
2020-05-25 18:59:05,282,0.204422,0.1071167,-0.039978027
2020-05-25 18:59:05,291,0.16500854,0.099121094,-0.043167114
2020-05-25 18:59:05,302,0.07659912,0.051193237,-0.037841797
2020-05-25 18:59:05,311,0.01586914,0.012313843,-0.028793335
2020-05-25 18:59:05,321,-0.05656433,-0.028167725,-0.01600647
2020-05-25 18:59:05,332,-0.08053589,-0.042022705,-0.0090789795
2020-05-25 18:59:05,341,-0.08319092,-0.03137207,0.002105713
2020-05-25 18:59:05,352,-0.0693512,-0.0010070801,0.010620117
2020-05-25 18:59:05,361,-0.04005432,0.059173584,0.030334473
2020-05-25 18:59:05,372,-0.023544312,0.09379578,0.046844482
2020-05-25 18:59:05,381,-0.015014648,0.11616516,0.069747925
2020-05-25 18:59:05,391,-0.022476196,0.108184814,0.077194214
2020-05-25 18:59:05,402,-0.05230713,0.06451416,0.07507324
2020-05-25 18:59:05,411,-0.07946777,0.021896362,0.069747925
2020-05-25 18:59:05,421,-0.11141968,-0.035629272,0.05696106
2020-05-25 18:59:05,433,-0.118881226,-0.05960083,0.048965454
2020-05-25 18:59:05,443,-0.10343933,-0.07078552,0.039382935
2020-05-25 18:59:05,451,-0.081588745,-0.060134888,0.037246704
2020-05-25 18:59:05,462,-0.04750061,-0.030838013,0.04310608
2020-05-25 18:59:05,471,-0.032592773,-0.013259888,0.05003357
2020-05-25 18:59:05,482,-0.025131226,-0.0036773682,0.053237915
2020-05-25 18:59:06,493,-0.023544312,-0.0047302246,0.048965454
2020-05-25 18:59:06,501,-0.028869629,-0.012191772,0.037246704
2020-05-25 18:59:06,512,-0.03366089,-0.012191772,0.022338867
2020-05-25 18:59:06,521,-0.03526306,-0.011657715,-0.00642395
2020-05-25 18:59:06,532,-0.03791809,-0.020721436,-0.02507019
2020-05-25 18:59:06,543,-0.059753418,-0.041488647,-0.039978027
2020-05-25 18:59:06,552,-0.0778656,-0.05267334,-0.030395508
2020-05-25 18:59:06,563,-0.06295776,-0.01965332,0.02180481
2020-05-25 18:59:06,571,-0.03312683,0.0027160645,0.027130127
2020-05-25 18:59:06,581,0.011077881,0.006454468,5.0354004E-4
2020-05-25 18:59:06,593,0.03239441,0.004852295,-0.011749268
2020-05-25 18:59:06,601,0.043045044,-0.0074005127,-0.006958008
2020-05-25 18:59:06,612,0.027053833,-0.05267334,-0.010147095
2020-05-25 18:59:06,621,0.002029419,-0.10646057,-0.047973633
2020-05-25 18:59:06,631,-0.0016937256,-0.10966492,-0.068740845
2020-05-25 18:59:06,642,-0.008087158,-0.08303833,-0.07620239
2020-05-25 18:59:06,651,-0.028869629,-0.072906494,-0.07513428
2020-05-25 18:59:06,661,-0.08905029,-0.10273743,-0.06980896
2020-05-25 18:59:06,672,-0.13752747,-0.12884521,-0.07620239
2020-05-25 18:59:06,681,-0.18759155,-0.14482117,-0.08364868
2020-05-25 18:59:06,692,-0.25576782,-0.16079712,-0.0847168
2020-05-25 18:59:06,701,-0.27334595,-0.16239929,-0.083114624
2020-05-25 18:59:06,711,-0.292511,-0.13682556,-0.073532104
2020-05-25 18:59:06,722,-0.24777222,-0.101135254,-0.0650177
2020-05-25 18:59:06,731,-0.19824219,-0.07929993,-0.057022095
2020-05-25 18:59:06,744,-0.10609436,-0.055862427,-0.050628662
2020-05-25 18:59:06,751,-0.04058838,-0.04360962,-0.04902649
2020-05-25 18:59:06,761,0.04837036,-0.018051147,-0.045837402
2020-05-25 18:59:06,771,0.09629822,0.0053863525,-0.042648315
2020-05-25 18:59:06,781,0.15010071,0.03414917,-0.03465271
2020-05-25 18:59:06,792,0.17619324,0.039474487,-0.02772522
2020-05-25 18:59:06,801,0.1932373,0.033081055,-0.019210815
2020-05-25 18:59:06,811,0.20230103,0.021896362,-0.0074920654
2020-05-25 18:59:06,822,0.18151855,0.014434814,0.006362915
2020-05-25 18:59:06,831,0.15382385,0.00592041,0.01701355
2020-05-25 18:59:06,841,0.092041016,-0.008468628,0.036193848
2020-05-25 18:59:06,852,0.043045044,-0.014862061,0.046844482
2020-05-25 18:59:06,861,-0.005432129,-0.018051147,0.055358887
2020-05-25 18:59:06,872,-0.06774902,-0.0010070801,0.07081604
2020-05-25 18:59:06,881,-0.09811401,0.030944824,0.08518982
2020-05-25 18:59:06,892,-0.11727905,0.07675171,0.10542297
2020-05-25 18:59:06,901,-0.102371216,0.10765076,0.10916138
2020-05-25 18:59:06,911,-0.08265686,0.11723328,0.104904175
2020-05-25 18:59:06,922,-0.060821533,0.11936951,0.08944702
2020-05-25 18:59:06,931,-0.060821533,0.11351013,0.077194214
2020-05-25 18:59:06,941,-0.08265686,0.08102417,0.06175232
2020-05-25 18:59:06,952,-0.1055603,0.056518555,0.05696106
2020-05-25 18:59:06,961,-0.13059998,0.035217285,0.055358887
2020-05-25 18:59:06,972,-0.1566925,0.016036987,0.055892944
2020-05-25 18:59:06,981,-0.16255188,0.013381958,0.057495117
2020-05-25 18:59:06,991,-0.14604187,0.017105103,0.05909729
2020-05-25 18:59:06,1002,-0.09916687,0.02029419,0.05482483
2020-05-25 18:59:06,1011,-0.05656433,0.023498535,0.04949951
2020-05-25 18:59:06,1021,-0.011291504,0.021362305,0.04524231
2020-05-25 18:59:06,1032,0.04837036,0.004852295,0.04045105
2020-05-25 18:59:06,1041,0.082458496,-0.0063323975,0.03138733
2020-05-25 18:59:06,1052,0.09043884,-0.0074005127,0.025009155
2020-05-25 18:59:06,1061,0.09043884,-0.0047302246,0.020202637
2020-05-25 18:59:06,1071,0.0867157,0.01071167,0.016479492
2020-05-25 18:59:06,1082,0.07872009,0.038406372,0.018615723
2020-05-25 18:59:06,1091,0.11601257,0.010177612,0.05696106
2020-05-25 18:59:06,1101,0.31681824,-0.009002686,0.20822144
2020-05-25 18:59:06,1112,0.44198608,0.02722168,0.29397583
2020-05-25 18:59:06,1121,0.49951172,0.079956055,0.30836487
2020-05-25 18:59:06,1132,0.41908264,0.16197205,0.24977112
2020-05-25 18:59:06,1141,0.29710388,0.19659424,0.19012451
2020-05-25 18:59:06,1151,0.10215759,0.1816864,0.12886047
2020-05-25 18:59:06,1162,-0.02407837,0.10658264,0.09744263
2020-05-25 18:59:06,1171,-0.06454468,0.051727295,0.0718689
2020-05-25 18:59:06,1181,-0.09384155,-0.021240234,-0.0016326904
2020-05-25 18:59:06,1192,-0.11727905,-0.058532715,-0.059158325
2020-05-25 18:59:06,1201,-0.13539124,-0.075042725,-0.10069275
2020-05-25 18:59:06,1212,-0.12420654,-0.08036804,-0.11135864
2020-05-25 18:59:06,1221,-0.07733154,-0.084625244,-0.06555176
2020-05-25 18:59:06,1231,0.042510986,-0.07344055,0.041519165
2020-05-25 18:59:06,1242,0.16394043,-0.035095215,0.103302
2020-05-25 18:59:06,1251,0.22041321,-0.009521484,0.10649109
2020-05-25 18:59:06,1261,0.22732544,-0.011123657,0.10223389
2020-05-25 18:59:06,1272,0.11280823,-0.07876587,0.14537048
2020-05-25 18:59:06,1281,-0.0059661865,-0.1709137,0.18585205
2020-05-25 18:59:06,1292,-0.07839966,-0.2300415,0.21994019
2020-05-25 18:59:06,1301,-0.08053589,-0.24388123,0.23858643
2020-05-25 18:59:06,1311,-0.05230713,-0.23536682,0.25935364
2020-05-25 18:59:06,1322,-0.018218994,-0.16772461,0.2556305
2020-05-25 18:59:06,1331,-0.01927185,-0.13735962,0.22793579
2020-05-25 18:59:06,1342,-0.048034668,-0.16345215,0.13259888
2020-05-25 18:59:06,1351,-0.08744812,-0.1751709,0.11555481
2020-05-25 18:59:06,1361,-0.11248779,-0.19807434,0.11395264
2020-05-25 18:59:06,1372,-0.1055603,-0.20553589,0.046310425
2020-05-25 18:59:06,1381,-0.095443726,-0.20925903,-0.01335144
2020-05-25 18:59:06,1392,-0.1013031,-0.21406555,-0.070877075
2020-05-25 18:59:06,1401,-0.1055603,-0.21139526,-0.103897095
2020-05-25 18:59:06,1411,-0.06881714,-0.21192932,-0.14596558
2020-05-25 18:59:06,1422,-0.0032958984,-0.21939087,-0.16461182
2020-05-25 18:59:06,1431,0.03186035,-0.2263031,-0.15982056
2020-05-25 18:59:06,1441,0.04890442,-0.23802185,-0.13638306
2020-05-25 18:59:06,1452,0.05102539,-0.24601746,-0.10069275
2020-05-25 18:59:06,1461,0.06008911,-0.23110962,-0.08950806
2020-05-25 18:59:06,1472,0.12187195,-0.25080872,-0.08578491
2020-05-25 18:59:06,1481,0.17353821,-0.27424622,-0.08578491
2020-05-25 18:59:07,1491,0.22999573,-0.3088684,-0.0692749
2020-05-25 18:59:07,1502,0.25450134,-0.3280487,-0.019210815
2020-05-25 18:59:07,1511,0.26461792,-0.32537842,0.022872925
2020-05-25 18:59:07,1522,0.24331665,-0.33177185,0.08518982
2020-05-25 18:59:07,1531,0.22679138,-0.35520935,0.11128235
2020-05-25 18:59:07,1542,0.2193451,-0.39143372,0.14324951
2020-05-25 18:59:07,1551,0.22146606,-0.3919525,0.16455078
2020-05-25 18:59:07,1562,0.2901764,-0.352005,0.17147827
2020-05-25 18:59:07,1571,0.30456543,-0.28703308,0.24391174
2020-05-25 18:59:07,1581,0.21614075,-0.3035431,0.25509644
2020-05-25 18:59:07,1592,0.06967163,-0.3504181,0.22047424
2020-05-25 18:59:07,1601,-0.017150879,-0.38237,0.1975708
2020-05-25 18:59:07,1611,-0.11515808,-0.41220093,0.14857483
2020-05-25 18:59:07,1621,-0.14604187,-0.42604065,0.12513733
2020-05-25 18:59:07,1631,-0.15615845,-0.43936157,0.10702515
2020-05-25 18:59:07,1642,-0.13752747,-0.41645813,0.10383606
2020-05-25 18:59:07,1651,-0.07467651,-0.33602905,0.103302
2020-05-25 18:59:07,1661,-0.05177307,-0.29981995,0.11608887
2020-05-25 18:59:07,1672,-0.07254028,-0.29449463,0.109695435
2020-05-25 18:59:07,1681,-0.105026245,-0.29501343,0.0756073
2020-05-25 18:59:07,1692,-0.11727905,-0.29396057,0.02394104
2020-05-25 18:59:07,1701,-0.07839966,-0.28063965,-0.002166748
2020-05-25 18:59:07,1711,0.03239441,-0.2497406,-0.024002075
2020-05-25 18:59:07,1722,0.13145447,-0.23269653,-0.02772522
2020-05-25 18:59:07,1731,0.267807,-0.21299744,-0.038375854
2020-05-25 18:59:07,1741,0.31840515,-0.21511841,-0.047439575
2020-05-25 18:59:07,1752,0.31575012,-0.24388123,-0.051696777
2020-05-25 18:59:07,1761,0.30030823,-0.25720215,-0.054885864
2020-05-25 18:59:07,1772,0.31947327,-0.2646637,-0.050628662
2020-05-25 18:59:07,1781,0.3572998,-0.25401306,-0.043701172
2020-05-25 18:59:07,1791,0.38978577,-0.2257843,-0.02507019
2020-05-25 18:59:07,1801,0.38232422,-0.22737122,-0.0090789795
2020-05-25 18:59:07,1812,0.31149292,-0.25506592,0.0287323
2020-05-25 18:59:07,1821,0.24597168,-0.29608154,0.04949951
2020-05-25 18:59:07,1831,0.11708069,-0.3434906,0.05961609
2020-05-25 18:59:07,1842,0.043045044,-0.34828186,0.06121826
2020-05-25 18:59:07,1851,-0.0059661865,-0.30033875,0.06707764
2020-05-25 18:59:07,1861,-0.0022277832,-0.24229431,0.077194214
2020-05-25 18:59:07,1871,-0.0016937256,-0.18583679,0.100097656
2020-05-25 18:59:07,1882,0.027053833,-0.12617493,0.060684204
2020-05-25 18:59:07,1891,0.03451538,-0.08355713,0.12246704
2020-05-25 18:59:07,1902,0.01586914,-0.11180115,0.15176392
2020-05-25 18:59:07,1911,0.0398407,-0.15653992,0.15603638
2020-05-25 18:59:07,1921,0.09257507,-0.16026306,0.17733765
2020-05-25 18:59:07,1932,0.169281,-0.18103027,0.19491577
2020-05-25 18:59:07,1941,0.18205261,-0.1986084,0.20289612
2020-05-25 18:59:07,1951,0.15223694,-0.22364807,0.19171143
2020-05-25 18:59:07,1961,0.1335907,-0.2023468,0.17733765
2020-05-25 18:59:07,1972,0.14051819,-0.1240387,0.15975952
2020-05-25 18:59:07,1981,0.11973572,-0.07078552,0.16082764
2020-05-25 18:59:07,1991,0.014816284,-0.059066772,0.1421814
2020-05-25 18:59:07,2001,-0.05177307,-0.053741455,0.116607666
2020-05-25 18:59:07,2011,-0.09172058,-0.024978638,0.09158325
2020-05-25 18:59:07,2021,-0.074142456,0.0011291504,0.086257935
2020-05-25 18:59:07,2032,-0.0048980713,0.054382324,0.09637451
2020-05-25 18:59:07,2041,0.049438477,0.09274292,0.10916138
2020-05-25 18:59:07,2051,0.08831787,0.124694824,0.11820984
2020-05-25 18:59:07,2062,0.08885193,0.12841797,0.10862732
2020-05-25 18:59:07,2071,0.085113525,0.16197205,0.084121704
2020-05-25 18:59:07,2082,0.085113525,0.1859436,0.06867981
2020-05-25 18:59:07,2091,0.07286072,0.16464233,0.04257202
2020-05-25 18:59:07,2101,0.033981323,0.12362671,0.020736694
2020-05-25 18:59:07,2112,-0.04484558,0.075164795,-0.0048217773
2020-05-25 18:59:07,2121,-0.06135559,0.068237305,-0.021865845
2020-05-25 18:59:07,2131,-0.026733398,0.082611084,-0.045303345
2020-05-25 18:59:07,2141,0.008956909,0.10551453,-0.05595398
2020-05-25 18:59:07,2152,0.05795288,0.15718079,-0.07034302
2020-05-25 18:59:07,2161,0.103759766,0.2243042,-0.07778931
2020-05-25 18:59:07,2171,0.23371887,0.40805054,-0.082595825
2020-05-25 18:59:07,2182,0.33758545,0.5332184,-0.07778931
2020-05-25 18:59:07,2191,0.41854858,0.65626526,-0.06713867
2020-05-25 18:59:07,2201,0.40682983,0.6823578,-0.05595398
2020-05-25 18:59:07,2212,0.3503723,0.6615906,-0.063949585
2020-05-25 18:59:07,2221,0.30882263,0.65519714,-0.08631897
2020-05-25 18:59:07,2231,0.1767273,0.6029968,-0.09111023
2020-05-25 18:59:07,2242,-0.0016937256,0.48794556,-0.08950806
2020-05-25 18:59:07,2251,-0.21742249,0.31643677,-0.08950806
2020-05-25 18:59:07,2261,-0.25790405,0.288208,-0.07778931
2020-05-25 18:59:07,2272,-0.22007751,0.30899048,-0.030929565
2020-05-25 18:59:07,2281,-0.17800903,0.31803894,-0.0016326904
2020-05-25 18:59:07,2291,-0.05177307,0.35479736,0.0756073
2020-05-25 18:59:07,2301,0.044631958,0.38941956,0.11608887
2020-05-25 18:59:07,2312,0.05369568,0.36810303,0.08039856
2020-05-25 18:59:07,2321,0.0073547363,0.31697083,0.04310608
2020-05-25 18:59:07,2331,-0.016082764,0.255188,0.011688232
2020-05-25 18:59:07,2342,0.008422852,0.22695923,0.034057617
2020-05-25 18:59:07,2351,0.010543823,0.17210388,0.052703857
2020-05-25 18:59:07,2361,-0.04058838,0.12416077,0.037246704
2020-05-25 18:59:07,2372,-0.15136719,0.044265747,0.003692627
2020-05-25 18:59:07,2381,-0.19291687,0.00592041,-0.0042877197
2020-05-25 18:59:07,2391,-0.1843872,-0.0036773682,0.0052948
2020-05-25 18:59:07,2402,-0.15882874,0.014434814,0.01701355
2020-05-25 18:59:07,2411,-0.12313843,0.060775757,0.02659607
2020-05-25 18:59:07,2421,-0.11515808,0.09379578,0.022338867
2020-05-25 18:59:07,2432,-0.13166809,0.12948608,0.004760742
2020-05-25 18:59:07,2441,-0.15510559,0.124694824,-0.008026123
2020-05-25 18:59:07,2451,-0.21209717,0.09220886,-0.026123047
2020-05-25 18:59:07,2462,-0.26002502,0.051727295,-0.03678894
2020-05-25 18:59:07,2471,-0.33140564,0.008575439,-0.04423523
2020-05-25 18:59:07,2481,-0.3527069,-0.006866455,-0.045303345
2020-05-25 18:59:08,2492,-0.3361969,0.021362305,-0.047439575
2020-05-25 18:59:08,2501,-0.30422974,0.049591064,-0.051696777
2020-05-25 18:59:08,2511,-0.24298096,0.106048584,-0.06074524
2020-05-25 18:59:08,2521,-0.19184875,0.14440918,-0.06341553
2020-05-25 18:59:08,2532,-0.10397339,0.18754578,-0.06288147
2020-05-25 18:59:08,2541,-0.045913696,0.19180298,-0.05809021
2020-05-25 18:59:08,2551,0.020141602,0.17263794,-0.049560547
2020-05-25 18:59:08,2562,0.04197693,0.15238953,-0.041046143
2020-05-25 18:59:08,2571,0.040374756,0.11190796,-0.033050537
2020-05-25 18:59:08,2581,0.014282227,0.086883545,-0.02986145
2020-05-25 18:59:08,2592,-0.038986206,0.054382324,-0.022399902
2020-05-25 18:59:08,2601,-0.07040405,0.03894043,-0.012817383
2020-05-25 18:59:08,2611,-0.09384155,0.030426025,0.0042266846
2020-05-25 18:59:08,2622,-0.09225464,0.03201294,0.015945435
2020-05-25 18:59:08,2631,-0.07093811,0.039474487,0.035125732
2020-05-25 18:59:08,2641,-0.05230713,0.04319763,0.042053223
2020-05-25 18:59:08,2652,-0.029937744,0.051727295,0.045776367
2020-05-25 18:59:08,2661,-0.022476196,0.061309814,0.043640137
2020-05-25 18:59:08,2671,-0.024597168,0.06663513,0.03778076
2020-05-25 18:59:08,2682,-0.032058716,0.055984497,0.03138733
2020-05-25 18:59:08,2691,-0.04270935,0.032546997,0.020736694
2020-05-25 18:59:08,2701,-0.046447754,0.017105103,0.013824463
2020-05-25 18:59:08,2712,-0.038986206,-0.005264282,0.009017944
2020-05-25 18:59:08,2721,-0.029403687,-0.012191772,0.010620117
2020-05-25 18:59:08,2731,-0.0075531006,-0.008468628,0.015945435
2020-05-25 18:59:08,2742,0.012145996,0.0027160645,0.016479492
2020-05-25 18:59:08,2751,0.04197693,0.024032593,0.011154175
2020-05-25 18:59:08,2761,0.05848694,0.034683228,0.004760742
2020-05-25 18:59:08,2772,0.07286072,0.044799805,-0.0016326904
2020-05-25 18:59:08,2781,0.07446289,0.047470093,-0.0027008057
2020-05-25 18:59:08,2791,0.0675354,0.044265747,-0.0042877197
2020-05-25 18:59:08,2801,0.050491333,0.04107666,-0.008560181
2020-05-25 18:59:08,2812,0.03930664,0.044799805,-0.02027893
2020-05-25 18:59:08,2821,0.038772583,0.046401978,-0.028793335
2020-05-25 18:59:08,2831,0.057418823,0.0368042,-0.030929565
2020-05-25 18:59:08,2842,0.07925415,0.030426025,-0.028793335
2020-05-25 18:59:08,2851,0.10108948,0.029891968,-0.02507019
2020-05-25 18:59:08,2861,0.115478516,0.039474487,-0.016540527
2020-05-25 18:59:08,2871,0.09950256,0.039474487,-0.003753662
2020-05-25 18:59:08,2882,0.07766724,0.035751343,0.0052948
2020-05-25 18:59:08,2891,0.042510986,0.020828247,0.014877319
2020-05-25 18:59:08,2901,0.024932861,0.001663208,0.021270752
2020-05-25 18:59:08,2911,0.010543823,-0.025512695,0.034057617
2020-05-25 18:59:08,2922,0.0041503906,-0.03616333,0.03831482
2020-05-25 18:59:08,2931,-0.009155273,-0.042556763,0.036193848
2020-05-25 18:59:08,2941,-0.021942139,-0.04574585,0.031921387
2020-05-25 18:59:08,2952,-0.04005432,-0.03881836,0.021270752
2020-05-25 18:59:08,2961,-0.055496216,-0.02709961,0.011154175
2020-05-25 18:59:08,2971,-0.08532715,-0.011657715,-5.645752E-4
2020-05-25 18:59:08,2982,-0.10823059,-0.0047302246,-0.0048217773
2020-05-25 18:59:08,2991,-0.14338684,0.003250122,-0.008560181
2020-05-25 18:59:08,3001,-0.16415405,0.011245728,-0.01121521
2020-05-25 18:59:08,3012,-0.18972778,0.020828247,-0.019210815
2020-05-25 18:59:08,3021,-0.19291687,0.020828247,-0.030929565
2020-05-25 18:59:08,3031,-0.17480469,0.039474487,-0.057022095
2020-05-25 18:59:08,3042,-0.15510559,0.061843872,-0.073532104
2020-05-25 18:59:08,3051,-0.13378906,0.079422,-0.08578491
2020-05-25 18:59:08,3061,-0.09597778,0.09593201,-0.10282898
2020-05-25 18:59:08,3072,-0.045913696,0.099121094,-0.12680054
2020-05-25 18:59:08,3081,-0.016616821,0.103393555,-0.14649963
2020-05-25 18:59:08,3091,9.613037E-4,0.09326172,-0.1784668
2020-05-25 18:59:08,3102,-0.0043640137,0.07675171,-0.19018555
2020-05-25 18:59:08,3111,-0.018218994,0.06930542,-0.19230652
2020-05-25 18:59:08,3121,-0.041122437,0.06556702,-0.18218994
2020-05-25 18:59:08,3132,-0.060287476,0.063446045,-0.16567993
2020-05-25 18:59:08,3141,-0.06881714,0.06556702,-0.15768433
2020-05-25 18:59:08,3151,-0.072006226,0.07249451,-0.14756775
2020-05-25 18:59:08,3162,-0.07147217,0.073028564,-0.14064026
2020-05-25 18:59:08,3171,-0.07147217,0.07142639,-0.13531494
2020-05-25 18:59:08,3181,-0.07307434,0.06237793,-0.123062134
2020-05-25 18:59:08,3192,-0.072006226,0.04319763,-0.10762024
2020-05-25 18:59:08,3201,-0.06454468,0.034683228,-0.09378052
2020-05-25 18:59:08,3211,-0.036315918,0.035217285,-0.08364868
2020-05-25 18:59:08,3222,-0.011291504,0.03894043,-0.078323364
2020-05-25 18:59:08,3231,0.012680054,0.042663574,-0.07034302
2020-05-25 18:59:08,3241,0.030792236,0.051193237,-0.05116272
2020-05-25 18:59:08,3252,0.025466919,0.051193237,-0.028793335
2020-05-25 18:59:08,3261,0.008956909,0.045333862,-0.014419556
2020-05-25 18:59:08,3271,-0.015014648,0.037338257,-0.0016326904
2020-05-25 18:59:08,3282,-0.06774902,0.04852295,0.01701355
2020-05-25 18:59:08,3291,-0.11302185,0.06451416,0.030334473
2020-05-25 18:59:08,3301,-0.17266846,0.060775757,0.043640137
2020-05-25 18:59:08,3312,-0.19024658,0.04852295,0.048431396
2020-05-25 18:59:08,3321,-0.18066406,0.03147888,0.05696106
2020-05-25 18:59:08,3331,-0.16682434,0.027755737,0.062286377
2020-05-25 18:59:08,3342,-0.16308594,0.032546997,0.06921387
2020-05-25 18:59:08,3351,-0.18598938,0.052261353,0.07293701
2020-05-25 18:59:08,3361,-0.26641846,0.08155823,0.08305359
2020-05-25 18:59:08,3372,-0.3607025,0.063446045,0.09477234
2020-05-25 18:59:08,3381,-0.39744568,0.02508545,0.10437012
2020-05-25 18:59:08,3391,-0.40544128,-0.014862061,0.10649109
2020-05-25 18:59:08,3402,-0.37294006,-0.060668945,0.091049194
2020-05-25 18:59:08,3411,-0.33885193,-0.07771301,0.0718689
2020-05-25 18:59:08,3421,-0.29464722,-0.045211792,0.027664185
2020-05-25 18:59:08,3432,-0.23658752,0.00592041,-0.029327393
2020-05-25 18:59:08,3441,-0.1758728,0.042129517,-0.058624268
2020-05-25 18:59:08,3451,-0.09811401,0.084747314,-0.07406616
2020-05-25 18:59:08,3461,0.027053833,0.15559387,-0.08099365
2020-05-25 18:59:08,3472,0.07606506,0.21737671,-0.07727051
2020-05-25 18:59:08,3481,0.040374756,0.22163391,-0.068740845
2020-05-25 18:59:09,3491,-0.03791809,0.19233704,-0.06022644
2020-05-25 18:59:09,3502,-0.19610596,0.14120483,-0.053833008
2020-05-25 18:59:09,3511,-0.29837036,0.10925293,-0.056488037
2020-05-25 18:59:09,3521,-0.39637756,0.05758667,-0.068740845
2020-05-25 18:59:09,3532,-0.40065002,0.038406372,-0.07299805
2020-05-25 18:59:09,3541,-0.35803223,0.04852295,-0.07246399
2020-05-25 18:59:09,3551,-0.29518127,0.058654785,-0.07192993
2020-05-25 18:59:09,3562,-0.20677185,0.08207703,-0.06767273
2020-05-25 18:59:09,3571,-0.16043091,0.08847046,-0.06022644
2020-05-25 18:59:09,3581,-0.11302185,0.0874176,-0.04850769
2020-05-25 18:59:09,3592,-0.09863281,0.07196045,-0.030929565
2020-05-25 18:59:09,3601,-0.11141968,0.05491638,-0.015472412
2020-05-25 18:59:09,3611,-0.13539124,0.037338257,0.0010375977
2020-05-25 18:59:09,3621,-0.1828003,0.019226074,0.024475098
2020-05-25 18:59:09,3632,-0.20196533,6.1035156E-5,0.039916992
2020-05-25 18:59:09,3641,-0.17747498,-0.018585205,0.04045105
2020-05-25 18:59:09,3651,-0.11462402,-0.039352417,0.03138733
2020-05-25 18:59:09,3662,0.029190063,-0.055862427,0.014343262
2020-05-25 18:59:09,3671,0.12452698,-0.045211792,0.006362915
2020-05-25 18:59:09,3681,0.21614075,-0.009521484,-5.645752E-4
2020-05-25 18:59:09,3692,0.22520447,0.014968872,0.0042266846
2020-05-25 18:59:09,3701,0.19218445,0.011779785,0.014343262
2020-05-25 18:59:09,3711,0.13945007,-0.0020751953,0.02659607
2020-05-25 18:59:09,3722,0.04197693,-0.042556763,0.044708252
2020-05-25 18:59:09,3731,-0.020874023,-0.07929993,0.053756714
2020-05-25 18:59:09,3741,-0.090652466,-0.14108276,0.06442261
2020-05-25 18:59:09,3752,-0.10609436,-0.17251587,0.069747925
2020-05-25 18:59:09,3761,-0.08532715,-0.17358398,0.062820435
2020-05-25 18:59:09,3771,-0.05230713,-0.1474762,0.04310608
2020-05-25 18:59:09,3782,0.012680054,-0.1000824,0.012756348
2020-05-25 18:59:09,3791,0.05369568,-0.065460205,0.01008606
2020-05-25 18:59:09,3801,0.35676575,-0.18156433,0.09423828
2020-05-25 18:59:09,3811,0.51335144,-0.047348022,0.16827393
2020-05-25 18:59:09,3822,0.6363983,-0.037765503,0.21195984
2020-05-25 18:59:09,3831,0.59750366,-0.0105896,0.20289612
2020-05-25 18:59:09,3841,0.48033142,0.050125122,0.19810486
2020-05-25 18:59:09,3851,0.3738098,0.05331421,0.14857483
2020-05-25 18:59:09,3861,0.13519287,0.046936035,0.04949951
2020-05-25 18:59:09,3871,-0.0032958984,0.0128479,0.029266357
2020-05-25 18:59:09,3881,-0.12634277,-0.051071167,0.031921387
2020-05-25 18:59:09,3892,0.22306824,0.19447327,0.05482483
2020-05-25 18:59:09,3901,0.8478546,1.0589294,0.20822144
2020-05-25 18:59:09,3911,1.0182953,1.3747864,0.21408081
2020-05-25 18:59:09,3921,0.83613586,1.0754395,0.11076355
2020-05-25 18:59:09,3932,0.49365234,0.670105,0.06600952
2020-05-25 18:59:09,3941,-0.05656433,-0.033493042,0.029800415
2020-05-25 18:59:09,3951,-0.3335266,-0.4611969,-0.022399902
2020-05-25 18:59:09,3961,-0.5343323,-0.85002136,-0.092178345
2020-05-25 18:59:09,3972,-0.5311432,-0.9283142,-0.11933899
2020-05-25 18:59:09,3981,-0.35217285,-0.8244629,-0.11029053
2020-05-25 18:59:09,3991,-0.14978027,-0.6891632,-0.047439575
2020-05-25 18:59:09,4001,0.0398407,-0.52246094,0.12246704
2020-05-25 18:59:09,4011,0.07020569,-0.46012878,0.19650269
2020-05-25 18:59:09,4021,0.05369568,-0.36904907,0.20716858
2020-05-25 18:59:09,4032,-0.012893677,-0.34455872,0.16722107
2020-05-25 18:59:09,4041,-0.13059998,-0.40420532,0.10595703
2020-05-25 18:59:09,4051,-0.17959595,-0.45321655,0.058563232
2020-05-25 18:59:09,4062,-0.16415405,-0.48410034,0.010620117
2020-05-25 18:59:09,4071,-0.121536255,-0.50061035,0.025527954
2020-05-25 18:59:09,4081,-0.038986206,-0.5400238,0.052703857
2020-05-25 18:59:09,4092,0.07606506,-0.49475098,0.04524231
2020-05-25 18:59:09,4101,0.24064636,-0.41326904,0.039916992
2020-05-25 18:59:09,4111,0.27687073,-0.4111328,0.062286377
2020-05-25 18:59:09,4121,0.20709229,-0.5022125,0.08732605
2020-05-25 18:59:09,4132,0.117614746,-0.55867004,0.08786011
2020-05-25 18:59:09,4141,0.040374756,-0.5496216,0.0995636
2020-05-25 18:59:09,4152,0.019073486,-0.50061035,0.11981201
2020-05-25 18:59:09,4161,-0.027267456,-0.43563843,0.13739014
2020-05-25 18:59:09,4171,-0.05230713,-0.4026184,0.13739014
2020-05-25 18:59:09,4182,-0.05496216,-0.33816528,0.13845825
2020-05-25 18:59:09,4191,-0.04537964,-0.2955475,0.1379242
2020-05-25 18:59:09,4201,-0.010757446,-0.23855591,0.14004517
2020-05-25 18:59:09,4212,0.028656006,-0.18530273,0.14857483
2020-05-25 18:59:09,4221,0.06434631,-0.12031555,0.1698761
2020-05-25 18:59:09,4232,0.044631958,-0.11817932,0.18745422
2020-05-25 18:59:09,4241,0.0068206787,-0.1405487,0.19970703
2020-05-25 18:59:09,4251,-0.019805908,-0.15014648,0.20236206
2020-05-25 18:59:09,4262,0.05581665,-0.089416504,0.19064331
2020-05-25 18:59:09,4271,0.15116882,-0.010055542,0.15708923
2020-05-25 18:59:09,4281,0.30189514,0.20831299,0.150177
2020-05-25 18:59:09,4291,0.38020325,0.35212708,0.1464386
2020-05-25 18:59:09,4301,0.41854858,0.5065918,0.12992859
2020-05-25 18:59:09,4311,0.39031982,0.55026245,0.100631714
2020-05-25 18:59:09,4322,0.30136108,0.5422821,0.048431396
2020-05-25 18:59:09,4331,0.23745728,0.5012665,0.020202637
2020-05-25 18:59:09,4341,0.18791199,0.42829895,-0.010147095
2020-05-25 18:59:09,4352,0.13198853,0.49487305,-0.0149383545
2020-05-25 18:59:09,4361,-0.102371216,0.27009583,-0.034118652
2020-05-25 18:59:09,4371,-0.15403748,0.12948608,-0.045303345
2020-05-25 18:59:09,4382,-0.1444397,0.17529297,-0.038375854
2020-05-25 18:59:09,4391,-0.097579956,0.26211548,-0.034118652
2020-05-25 18:59:09,4401,-0.03791809,0.447464,-0.0042877197
2020-05-25 18:59:09,4412,-0.017150879,0.590744,0.004760742
2020-05-25 18:59:09,4421,-0.060287476,0.69833374,-0.010681152
2020-05-25 18:59:09,4431,-0.12634277,0.6354828,-0.034118652
2020-05-25 18:59:09,4442,-0.20463562,0.39793396,-0.07673645
2020-05-25 18:59:09,4451,-0.21688843,0.19979858,-0.10282898
2020-05-25 18:59:09,4461,-0.1993103,-0.11180115,-0.1592865
2020-05-25 18:59:09,4472,-0.1828003,-0.2577362,-0.21308899
2020-05-25 18:59:09,4481,-0.1716156,-0.2923584,-0.28019714
2020-05-25 18:59:10,4491,0.0440979,-0.17944336,-0.35369873
2020-05-25 18:59:10,4502,0.0867157,0.17263794,-0.42294312
2020-05-25 18:59:10,4511,0.068603516,0.189682,-0.49058533
2020-05-25 18:59:10,4521,0.027053833,0.14440918,-0.5891266
2020-05-25 18:59:10,4531,-0.018737793,0.021362305,-0.6157532
2020-05-25 18:59:10,4541,-0.16043091,-0.2854309,-0.6343994
2020-05-25 18:59:10,4553,-0.24990845,-0.5064697,-0.630661
2020-05-25 18:59:10,4561,-0.33673096,-0.66519165,-0.62428284
2020-05-25 18:59:10,4571,-0.47520447,-0.78556824,-0.597641
2020-05-25 18:59:10,4582,-0.576416,-0.7514801,-0.57366943
2020-05-25 18:59:10,4591,-0.6003723,-0.7333832,-0.56941223
2020-05-25 18:59:10,4603,-0.6003723,-0.7333832,-0.56941223
2020-05-25 18:59:10,4611,-0.6003723,-0.7333832,-0.56941223
2020-05-25 18:59:10,4621,-0.6003723,-0.7333832,-0.56941223
2020-05-25 18:59:10,4631,-0.6003723,-0.7333832,-0.56941223
2020-05-25 18:59:10,4641,-0.6003723,-0.7333832,-0.56941223
2020-05-25 18:59:10,4652,-0.6003723,-0.7333832,-0.56941223
2020-05-25 18:59:10,4661,-0.6003723,-0.7333832,-0.56941223
2020-05-25 18:59:10,4671,-0.6003723,-0.7333832,-0.56941223
2020-05-25 18:59:10,4682,-0.6003723,-0.7333832,-0.56941223
2020-05-25 18:59:10,4691,-0.6003723,-0.7333832,-0.56941223
2020-05-25 18:59:10,4701,-0.6003723,-0.7333832,-0.56941223
2020-05-25 18:59:10,4712,-0.6003723,-0.7333832,-0.56941223
2020-05-25 18:59:10,4721,-0.6003723,-0.7333832,-0.56941223
2020-05-25 18:59:10,4731,-0.6003723,-0.7333832,-0.56941223
2020-05-25 18:59:10,4741,-0.6003723,-0.7333832,-0.56941223
2020-05-25 18:59:10,4752,-0.6003723,-0.7333832,-0.56941223
2020-05-25 18:59:10,4761,-0.6003723,-0.7333832,-0.56941223
2020-05-25 18:59:10,4771,-0.6003723,-0.7333832,-0.56941223
2020-05-25 18:59:10,4782,-0.6003723,-0.7333832,-0.56941223
2020-05-25 18:59:10,4791,-0.6003723,-0.7333832,-0.56941223
2020-05-25 18:59:10,4801,-0.6003723,-0.7333832,-0.56941223
2020-05-25 18:59:10,4811,-0.6003723,-0.7333832,-0.56941223
2020-05-25 18:59:10,4822,-0.6003723,-0.7333832,-0.56941223
